INSERT INTO Brands (BrandId, Brandname)
VALUES ('B0001', 'AmityClothes'),
       ('B0002', 'Avocado'),
       ('B0003', 'Cintage'),
       ('B0004', 'Daddy and the muscle'),
       ('B0005', 'ModernPeach'),
       ('B0006', 'Spaceboy'),
       ('B0007', 'StylistShop'),
       ('B0008', 'Urthe'),
       ('B0009', 'VanillaMode'),
       ('B0010', 'LemonSoda'),
       ('B0011', 'freakydaddy'),
       ('B0012', 'Turtle is cutest'),
       ('B0013', 'Justwear'),
       ('B0014', 'Qreef'),
       ('B0015', 'Marchmade'),
       ('B0016', 'Lockerdump'),
       ('B0017', 'Almond store'),
       ('B0018', 'MySunshine'),
       ('B0019', 'Billkin'),
       ('B0020', 'Cutest project')
;

INSERT INTO Colors (ColorId, Colorname)
VALUES ('#FFFFFF', 'White'),
       ('#1C1C1C', 'Black'),
       ('#FAEBD7', 'Beige'),
       ('#BBFFFF', 'Marine'),
       ('#BFEFFF', 'Light blue'),
       ('#FF1469', 'Deep pink'),
       ('#E066FF', 'Light purple'),
       ('#FFF8DC', 'Cream'),
       ('#6E8B3D', 'Olive green'),
       ('#7E6156', 'Dark brown'),
       ('#DDFFEE', 'Light green'),
       ('#EECFA1', 'Tan'),
       ('#BEBEBE', 'Gray'),
       ('#FF8C00', 'Orange'),
       ('#696969', 'Dim gray'),
       ('#191970', 'Navy'),
       ('#27408B', 'Blue jeans'),
       ('#CD0000', 'Red'),
       ('#126839', 'Dark green'),
       ('#FFE6EE', 'Light pink'),
       ('#008B40', 'Green'),
       ('#E0D8FF', 'Lavender'),
       ('#954D2E', 'Brown'),
       ('#1F1F58', 'Dark blue jeans'),
       ('#FBF2A5', 'Yellow'),
       ('#BDB76B', 'Khaki'),
       ('#FFE4E1', 'Old rose'),
       ('#F5608D', 'Violet red'),
       ('#B0304F', 'Maroon'),
       ('#FF4500', 'Red orange'),
       ('#ADFF2F', 'Lime green'),
       ('#CA94FF', 'Violet'),
       ('#9499FF', 'Blue');

INSERT INTO Products (Prodname, Description, Price, Date, Image, Brands_BrandId)
VALUES ('Heartbeat', 'Cotton t-shirt. Lorem ipsum dolor sit amet, consectetur adipiscing elit. Morbi varius quis odio vitae finibus. Vivamus et laoreet tellus. Donec sodales cursus ipsum, nec auctor urna volutpat in.', 250,'2021-04-28', 'AC001.jpg', 'B0001'),
       ('Like a star', 'Cotton t-shirt. Lorem ipsum dolor sit amet, consectetur adipiscing elit. Morbi varius quis odio vitae finibus. Vivamus et laoreet tellus. Donec sodales cursus ipsum, nec auctor urna volutpat in.', 250,'2021-04-28', 'AC002.jpg', 'B0001'),
       ('Light dress', 'Cotton long dress. Lorem ipsum dolor sit amet, consectetur adipiscing elit. Morbi varius quis odio vitae finibus. Vivamus et laoreet tellus. Donec sodales cursus ipsum, nec auctor urna volutpat in.', 490,'2021-04-28', 'AC003.jpg', 'B0001'),
       ('Blue shorts ', 'Cute shorts. Lorem ipsum dolor sit amet, consectetur adipiscing elit. Morbi varius quis odio vitae finibus. Vivamus et laoreet tellus. Donec sodales cursus ipsum, nec auctor urna volutpat in.', 350,'2021-04-28', 'AC004.jpg', 'B0001'),
       ('Amity original', 'Cotton t-shirt. Lorem ipsum dolor sit amet, consectetur adipiscing elit. Morbi varius quis odio vitae finibus. Vivamus et laoreet tellus. Donec sodales cursus ipsum, nec auctor urna volutpat in.', 250,'2021-04-28', 'AC005.jpg', 'B0001'),
       ('Funny moment', 'Cotton t-shirt. Lorem ipsum dolor sit amet, consectetur adipiscing elit. Morbi varius quis odio vitae finibus. Vivamus et laoreet tellus. Donec sodales cursus ipsum, nec auctor urna volutpat in.', 250,'2021-04-28', 'AC006.jpg', 'B0001'),
       ('Playful shorts', 'Cute shorts. Lorem ipsum dolor sit amet, consectetur adipiscing elit. Morbi varius quis odio vitae finibus. Vivamus et laoreet tellus. Donec sodales cursus ipsum, nec auctor urna volutpat in.', 300,'2021-04-28', 'AC007.jpg', 'B0001'),

       ('Simple smile', 'Plain shorts. Lorem ipsum dolor sit amet, consectetur adipiscing elit. Morbi varius quis odio vitae finibus. Vivamus et laoreet tellus. Donec sodales cursus ipsum, nec auctor urna volutpat in.', 320,'2021-04-28', 'AV001.jpg', 'B0002'),
       ('yarn crop tops', 'Yarn crop tops. Lorem ipsum dolor sit amet, consectetur adipiscing elit. Morbi varius quis odio vitae finibus. Vivamus et laoreet tellus. Donec sodales cursus ipsum, nec auctor urna volutpat in.', 400,'2021-04-28', 'AV002.jpg', 'B0002'),
       ('Shine day', 'Long plain skirt. Lorem ipsum dolor sit amet, consectetur adipiscing elit. Morbi varius quis odio vitae finibus. Vivamus et laoreet tellus. Donec sodales cursus ipsum, nec auctor urna volutpat in.', 380,'2021-04-28', 'AV003.jpg', 'B0002'),
       ('A day', 'Plain shirt. Lorem ipsum dolor sit amet, consectetur adipiscing elit. Morbi varius quis odio vitae finibus. Vivamus et laoreet tellus. Donec sodales cursus ipsum, nec auctor urna volutpat in.', 350,'2021-04-28', 'AV004.jpg', 'B0002'),
       ('Long leg', 'Long trousers. Lorem ipsum dolor sit amet, consectetur adipiscing elit. Morbi varius quis odio vitae finibus. Vivamus et laoreet tellus. Donec sodales cursus ipsum, nec auctor urna volutpat in.', 380,'2021-04-28', 'AV005.jpg', 'B0002'),
       ('Smart set', 'Set of suit and shorts. Lorem ipsum dolor sit amet, consectetur adipiscing elit. Morbi varius quis odio vitae finibus. Vivamus et laoreet tellus. Donec sodales cursus ipsum, nec auctor urna volutpat in.', 550,'2021-04-28', 'AV006.jpg', 'B0002'),
       ('Warm heart', 'Faux fur coat. Lorem ipsum dolor sit amet, consectetur adipiscing elit. Morbi varius quis odio vitae finibus. Vivamus et laoreet tellus. Donec sodales cursus ipsum, nec auctor urna volutpat in.', 500,'2021-04-28', 'AV007.jpg', 'B0002'),
       ('Mini scott', 'Scott mini skirt. Lorem ipsum dolor sit amet, consectetur adipiscing elit. Morbi varius quis odio vitae finibus. Vivamus et laoreet tellus. Donec sodales cursus ipsum, nec auctor urna volutpat in.', 290,'2021-04-28', 'AV008.jpg', 'B0002'),
       ('SoftSoft', 'Cotton dress. Lorem ipsum dolor sit amet, consectetur adipiscing elit. Morbi varius quis odio vitae finibus. Vivamus et laoreet tellus. Donec sodales cursus ipsum, nec auctor urna volutpat in.', 300,'2021-04-28', 'AV009.jpg', 'B0002'),
       ('Luxy dress', 'Cotton dress. Lorem ipsum dolor sit amet, consectetur adipiscing elit. Morbi varius quis odio vitae finibus. Vivamus et laoreet tellus. Donec sodales cursus ipsum, nec auctor urna volutpat in.', 350,'2021-04-28', 'AV010.jpg', 'B0002'),

       ('Fresh', 'Cotton t-shirt. Lorem ipsum dolor sit amet, consectetur adipiscing elit. Morbi varius quis odio vitae finibus. Vivamus et laoreet tellus. Donec sodales cursus ipsum, nec auctor urna volutpat in.', 250,'2021-04-28', 'CT001.jpg', 'B0003'),
       ('Your teddy', 'Cotton t-shirt. Lorem ipsum dolor sit amet, consectetur adipiscing elit. Morbi varius quis odio vitae finibus. Vivamus et laoreet tellus. Donec sodales cursus ipsum, nec auctor urna volutpat in.', 350,'2021-04-28', 'CT002.jpg', 'B0003'),
       ('Go girl!', 'Long-sleeved shirt and long pants. Lorem ipsum dolor sit amet, consectetur adipiscing elit. Morbi varius quis odio vitae finibus. Vivamus et laoreet tellus. Donec sodales cursus ipsum, nec auctor urna volutpat in.', 690,'2021-04-28', 'CT003.jpg', 'B0003'),
       ('Rocky Mountains', 'Cotton crop top. Lorem ipsum dolor sit amet, consectetur adipiscing elit. Morbi varius quis odio vitae finibus. Vivamus et laoreet tellus. Donec sodales cursus ipsum, nec auctor urna volutpat in.', 300,'2021-04-28', 'CT004.jpg', 'B0003'),
       ('Keep kool', 'Jeans dress. Lorem ipsum dolor sit amet, consectetur adipiscing elit. Morbi varius quis odio vitae finibus. Vivamus et laoreet tellus. Donec sodales cursus ipsum, nec auctor urna volutpat in.', 450,'2021-04-28', 'CT005.jpg', 'B0003'),
       ('Sunflower bear', 'Cotton t-shirt. Lorem ipsum dolor sit amet, consectetur adipiscing elit. Morbi varius quis odio vitae finibus. Vivamus et laoreet tellus. Donec sodales cursus ipsum, nec auctor urna volutpat in.', 350,'2021-04-28', 'CT006.jpg', 'B0003'),
       ('Velvet you', 'Velvet dress. Lorem ipsum dolor sit amet, consectetur adipiscing elit. Morbi varius quis odio vitae finibus. Vivamus et laoreet tellus. Donec sodales cursus ipsum, nec auctor urna volutpat in.', 450,'2021-04-28', 'CT007.jpg', 'B0003'),
       ('Wind', 'Cotton long skirt. Lorem ipsum dolor sit amet, consectetur adipiscing elit. Morbi varius quis odio vitae finibus. Vivamus et laoreet tellus. Donec sodales cursus ipsum, nec auctor urna volutpat in.', 350,'2021-04-28', 'CT008.jpg', 'B0003'),
       ('My day', 'Color full Sweater. Lorem ipsum dolor sit amet, consectetur adipiscing elit. Morbi varius quis odio vitae finibus. Vivamus et laoreet tellus. Donec sodales cursus ipsum, nec auctor urna volutpat in.', 450,'2021-04-28', 'CT009.jpg', 'B0003'),

       ('Easy breezy', 'Cotton colorful shorts. Lorem ipsum dolor sit amet, consectetur adipiscing elit. Morbi varius quis odio vitae finibus. Vivamus et laoreet tellus. Donec sodales cursus ipsum, nec auctor urna volutpat in.', 450,'2021-04-28', 'DMA001.jpg', 'B0004'),
       ('Luvly tops', 'Cotton crop top. Lorem ipsum dolor sit amet, consectetur adipiscing elit. Morbi varius quis odio vitae finibus. Vivamus et laoreet tellus. Donec sodales cursus ipsum, nec auctor urna volutpat in.', 690,'2021-04-28', 'DMA002.jpg', 'B0004'),
       ('Million nial', 'Cotton t-shirt. Lorem ipsum dolor sit amet, consectetur adipiscing elit. Morbi varius quis odio vitae finibus. Vivamus et laoreet tellus. Donec sodales cursus ipsum, nec auctor urna volutpat in.', 490,'2021-04-28', 'DMA003.jpg', 'B0004'),
       ('Houndstooth skirt', 'Mini skirt. Lorem ipsum dolor sit amet, consectetur adipiscing elit. Morbi varius quis odio vitae finibus. Vivamus et laoreet tellus. Donec sodales cursus ipsum, nec auctor urna volutpat in.', 790,'2021-04-28', 'DMA004.jpg', 'B0004'),
       ('Blue butterfly', 'Cotton crop top. Lorem ipsum dolor sit amet, consectetur adipiscing elit. Morbi varius quis odio vitae finibus. Vivamus et laoreet tellus. Donec sodales cursus ipsum, nec auctor urna volutpat in.', 690,'2021-04-28', 'DMA005.jpg', 'B0004'),
       ('Rodeo', 'Jeans pants. Lorem ipsum dolor sit amet, consectetur adipiscing elit. Morbi varius quis odio vitae finibus. Vivamus et laoreet tellus. Donec sodales cursus ipsum, nec auctor urna volutpat in.', 990,'2021-04-28', 'DMA006.jpg', 'B0004'),
       ('Great world', 'Cotton over-size t-shirt. Lorem ipsum dolor sit amet, consectetur adipiscing elit. Morbi varius quis odio vitae finibus. Vivamus et laoreet tellus. Donec sodales cursus ipsum, nec auctor urna volutpat in.', 550,'2021-04-28', 'DMA007.jpg', 'B0004'),
       ('Crush on you', 'Cotton over-size t-shirt. Lorem ipsum dolor sit amet, consectetur adipiscing elit. Morbi varius quis odio vitae finibus. Vivamus et laoreet tellus. Donec sodales cursus ipsum, nec auctor urna volutpat in.', 550,'2021-04-28', 'DMA008.jpg', 'B0004'),
       ('Glad girl', 'Jeans Mini skirt. Lorem ipsum dolor sit amet, consectetur adipiscing elit. Morbi varius quis odio vitae finibus. Vivamus et laoreet tellus. Donec sodales cursus ipsum, nec auctor urna volutpat in.', 450,'2021-04-28', 'DMA009.jpg', 'B0004'),
       ('Feel full', 'Cotton Sweater. Lorem ipsum dolor sit amet, consectetur adipiscing elit. Morbi varius quis odio vitae finibus. Vivamus et laoreet tellus. Donec sodales cursus ipsum, nec auctor urna volutpat in.', 650,'2021-04-28', 'DMA010.jpg', 'B0004'),
       ('DaddyLand', 'Cotton t-shirt. Lorem ipsum dolor sit amet, consectetur adipiscing elit. Morbi varius quis odio vitae finibus. Vivamus et laoreet tellus. Donec sodales cursus ipsum, nec auctor urna volutpat in.', 500,'2021-04-28', 'DMA011.jpg', 'B0004'),
       ('My friend', 'Sweater. Lorem ipsum dolor sit amet, consectetur adipiscing elit. Morbi varius quis odio vitae finibus. Vivamus et laoreet tellus. Donec sodales cursus ipsum, nec auctor urna volutpat in.', 790,'2021-04-28', 'DMA012.jpg', 'B0004'),

       ('naughty girl!', 'Collar Crop Top. Lorem ipsum dolor sit amet, consectetur adipiscing elit. Morbi varius quis odio vitae finibus. Vivamus et laoreet tellus. Donec sodales cursus ipsum, nec auctor urna volutpat in.', 350,'2021-04-28', 'MP001.jpg', 'B0005'),
       ('Good girl', 'White collar Top. Lorem ipsum dolor sit amet, consectetur adipiscing elit. Morbi varius quis odio vitae finibus. Vivamus et laoreet tellus. Donec sodales cursus ipsum, nec auctor urna volutpat in.', 350,'2021-04-28', 'MP002.jpg', 'B0005'),
       ('Rose me', 'Collar Top. Lorem ipsum dolor sit amet, consectetur adipiscing elit. Morbi varius quis odio vitae finibus. Vivamus et laoreet tellus. Donec sodales cursus ipsum, nec auctor urna volutpat in.', 350,'2021-04-28', 'MP003.jpg', 'B0005'),
       ('Rosy', 'Yarn cardigan. Lorem ipsum dolor sit amet, consectetur adipiscing elit. Morbi varius quis odio vitae finibus. Vivamus et laoreet tellus. Donec sodales cursus ipsum, nec auctor urna volutpat in.', 400,'2021-04-28', 'MP004.jpg', 'B0005'),
       ('Blink', 'Sleeveless crop shirt. Lorem ipsum dolor sit amet, consectetur adipiscing elit. Morbi varius quis odio vitae finibus. Vivamus et laoreet tellus. Donec sodales cursus ipsum, nec auctor urna volutpat in.', 290,'2021-04-28', 'MP005.jpg', 'B0005'),
       ('Simply me', 'Set of collar top and shorts. Lorem ipsum dolor sit amet, consectetur adipiscing elit. Morbi varius quis odio vitae finibus. Vivamus et laoreet tellus. Donec sodales cursus ipsum, nec auctor urna volutpat in.', 550,'2021-04-28', 'MP006.jpg', 'B0005'),
       ('Light me', 'Set of top and shorts. Lorem ipsum dolor sit amet, consectetur adipiscing elit. Morbi varius quis odio vitae finibus. Vivamus et laoreet tellus. Donec sodales cursus ipsum, nec auctor urna volutpat in.', 500,'2021-04-28', 'MP007.jpg', 'B0005'),
       ('Gracefull', 'Long pants. Lorem ipsum dolor sit amet, consectetur adipiscing elit. Morbi varius quis odio vitae finibus. Vivamus et laoreet tellus. Donec sodales cursus ipsum, nec auctor urna volutpat in.', 400,'2021-04-28', 'MP008.jpg', 'B0005'),

       ('Hills', 'Cotton over-size t-shirt. Lorem ipsum dolor sit amet, consectetur adipiscing elit. Morbi varius quis odio vitae finibus. Vivamus et laoreet tellus. Donec sodales cursus ipsum, nec auctor urna volutpat in.', 450,'2021-04-28', 'SB001.jpg', 'B0006'),
       ('Friday therapy', 'Cotton over-size t-shirt. Lorem ipsum dolor sit amet, consectetur adipiscing elit. Morbi varius quis odio vitae finibus. Vivamus et laoreet tellus. Donec sodales cursus ipsum, nec auctor urna volutpat in.', 450,'2021-04-28', 'SB002.jpg', 'B0006'),
       ('California', 'Cotton over-size t-shirt. Lorem ipsum dolor sit amet, consectetur adipiscing elit. Morbi varius quis odio vitae finibus. Vivamus et laoreet tellus. Donec sodales cursus ipsum, nec auctor urna volutpat in.', 450,'2021-04-28', 'SB003.jpg', 'B0006')
;

INSERT INTO Products_Colors(Products_ProdId, Colors_ColorId)
VALUES (1, '#1C1C1C'),
       (2, '#FFFFFF'),
       (3, '#FAEBD7'),
       (3, '#FFFFFF'),
       (4, '#BBFFFF'),
       (5, '#BFEFFF'),
       (6, '#FF1469'),
       (6, '#E066FF'),
       (7, '#FFF8DC'),

       (8, '#6E8B3D'),
       (8, '#FFFFFF'),
       (9, '#1C1C1C'),
       (9, '#7E6156'),
       (9, '#FFF8DC'),
       (9, '#FFFFFF'),
       (10, '#7E6156'),
       (10, '#1C1C1C'),
       (10, '#FFFFFF'),
       (11, '#DDFFEE'),
       (11, '#FAEBD7'),
       (11, '#FFF8DC'),
       (11, '#FFFFFF'),
       (12, '#FFFFFF'),
       (12, '#7E6156'),
       (12, '#1C1C1C'),
       (13, '#7E6156'),
       (13, '#FAEBD7'),
       (13, '#DDFFEE'),
       (14, '#7E6156'),
       (14, '#EECFA1'),
       (14, '#FAEBD7'),
       (15, '#BEBEBE'),
       (15, '#BFEFFF'),
       (16, '#FFF8DC'),
       (17, '#7E6156'),

       (18, '#1C1C1C'),
       (18, '#FF8C00'),
       (19, '#696969'),
       (19, '#FAEBD7'),
       (20, '#FAEBD7'),
       (20, '#DDFFEE'),
       (20, '#FFFFFF'),
       (21, '#191970'),
       (22, '#27408B'),
       (23, '#FFF8DC'),
       (24, '#CD0000'),
       (24, '#126839'),
       (25, '#FFFFFF'),
       (26, '#FFE6EE'),
       (26, '#FFF8DC'),
       (26, '#126839'),

       (27, '#008B40'),
       (27, '#E0D8FF'),
       (27, '#FFE6EE'),
       (27, '#1C1C1C'),
       (28, '#FFE6EE'),
       (29, '#1C1C1C'),
       (30, '#954D2E'),
       (31, '#BFEFFF'),
       (32, '#BFEFFF'),
       (33, '#FFFFFF'),
       (34, '#FFE6EE'),
       (35, '#1F1F58'),
       (36, '#FBF2A5'),
       (37, '#1C1C1C'),
       (38, '#FFFFFF'),

       (39, '#FFFFFF'),
       (40, '#FFE4E1'),
       (41, '#F5608D'),
       (42, '#B0304F'),
       (43, '#9499FF'),
       (44, '#FAEBD7'),
       (45, '#BFEFFF'),
       (46, '#BFEFFF'),

       (47, '#FFFFFF'),
       (47, '#1C1C1C'),
       (48, '#BDB76B'),
       (48, '#1C1C1C'),
       (49, '#FFFFFF'),
       (49, '#CA94FF'),
       (49, '#1C1C1C')
;