INSERT INTO Brands (BrandId, Brandname)
VALUES ('B0001', 'AmityClothes'),
       ('B0002', 'Avocado'),
       ('B0003', 'Cintage'),
       ('B0004', 'DaddyAndTheMuscle'),
       ('B0005', 'ModernPeach'),
       ('B0006', 'Spaceboy'),
       ('B0007', 'StylistShop'),
       ('B0008', 'Urthe'),
       ('B0009', 'VanillaMode');

INSERT INTO Colors (ColorId, Colorname)
VALUES ('#FFFFFF', 'White'),
       ('#1C1C1C', 'Black'),
       ('#FAEBD7', 'Beige'),
       ('#BBFFFF', 'Marine'),
       ('#BFEFFF', 'Light blue'),
       ('#FF1469', 'Deep pink'),
       ('#E066FF', 'Light purple'),
       ('#FFF8DC', 'Cream'),
       ('#6E8B3D', 'Olive green'),
       ('#7E6156', 'Dark brown'),
       ('#DDFFEE', 'Light green'),
       ('#EECFA1', 'Tan'),
       ('#BEBEBE', 'Gray'),
       ('#FF8C00', 'Orange'),
       ('#696969', 'Dim gray'),
       ('#191970', 'Navy'),
       ('#27408B', 'Blue jeans'),
       ('#CD0000', 'Red'),
       ('#126839', 'Dark green'),
       ('#FFE6EE', 'Light pink'),
       ('#008B40', 'Green'),
       ('#E0D8FF', 'Lavender'),
       ('#954D2E', 'Brown'),
       ('#1F1F58', 'Dark Blue jeans'),
       ('#FBF2A5', 'Yellow'),
       ('#BDB76B', 'Khaki'),
       ('#FFE4E1', 'Old rose'),
       ('#F5608D', 'Violet red'),
       ('#B0304F', 'Maroon'),
       ('#FF4500', 'Red orange'),
       ('#ADFF2F', 'Lime green'),
       ('#CA94FF', 'Violet'),
       ('#9499FF', 'Blue');

INSERT INTO Products (ProdId, Prodname, Description, Price, Date, Image, Brands_BrandId)
VALUES ('AC001', 'Heartbeat', 'Cotton t-shirt', 250,'2021-04-28', 'AC001.jpg', 'B0001'),
       ('AC002', 'Like a star', 'Cotton t-shirt', 250,'2021-04-28', 'AC002.jpg', 'B0001'),
       ('AC003', 'Light dress', 'Cotton long dress', 490,'2021-04-28', 'AC003.jpg', 'B0001'),
       ('AC004', 'Blue shorts ', 'Cute shorts', 350,'2021-04-28', 'AC004.jpg', 'B0001'),
       ('AC005', 'Amity original', 'Cotton t-shirt', 250,'2021-04-28', 'AC005.jpg', 'B0001'),
       ('AC006', 'Funny moment', 'Cotton t-shirt', 250,'2021-04-28', 'AC006.jpg', 'B0001'),
       ('AC007', 'Playful shorts', 'Cute shorts', 300,'2021-04-28', 'AC007.jpg', 'B0001'),

       ('AV001', 'Simple smile', 'Plain shorts', 320,'2021-04-28', 'AV001.jpg', 'B0002'),
       ('AV002', 'yarn crop tops', 'Yarn crop tops', 400,'2021-04-28', 'AV002.jpg', 'B0002'),
       ('AV003', 'Shine day', 'Long plain skirt', 380,'2021-04-28', 'AV003.jpg', 'B0002'),
       ('AV004', 'A day', 'Plain shirt', 350,'2021-04-28', 'AV004.jpg', 'B0002'),
       ('AV005', 'Long leg', 'Long trousers ', 380,'2021-04-28', 'AV005.jpg', 'B0002'),
       ('AV006', 'Smart set', 'Set of suit and shorts', 550,'2021-04-28', 'AV006.jpg', 'B0002'),
       ('AV007', 'Warm heart', 'Faux fur coat', 500,'2021-04-28', 'AV007.jpg', 'B0002'),
       ('AV008', 'Mini scott', 'Scott mini skirt ', 290,'2021-04-28', 'AV008.jpg', 'B0002'),
       ('AV009', 'SoftSoft', 'Cotton dress', 300,'2021-04-28', 'AV009.jpg', 'B0002'),
       ('AV010', 'Luxy dress', 'Cotton dress', 350,'2021-04-28', 'AV010.jpg', 'B0002'),

       ('CT001', 'Fresh', 'Cotton t-shirt', 250,'2021-04-28', 'CT001.jpg', 'B0003'),
       ('CT002', 'Your teddy', 'Cotton t-shirt', 350,'2021-04-28', 'CT002.jpg', 'B0003'),
       ('CT003', 'Go girl!', 'Long-sleeved shirt and long pants', 690,'2021-04-28', 'CT003.jpg', 'B0003'),
       ('CT004', 'Rocky Mountains', 'Cotton crop top', 300,'2021-04-28', 'CT004.jpg', 'B0003'),
       ('CT005', 'Keep kool', 'Jeans dress', 450,'2021-04-28', 'CT005.jpg', 'B0003'),
       ('CT006', 'Sunflower bear', 'Cotton t-shirt', 350,'2021-04-28', 'CT006.jpg', 'B0003'),
       ('CT007', 'Velvet you', 'Velvet dress', 450,'2021-04-28', 'CT007.jpg', 'B0003'),
       ('CT008', 'Wind', 'Cotton long skirt', 350,'2021-04-28', 'CT008.jpg', 'B0003'),
       ('CT009', 'My day', 'Color full Sweater', 450,'2021-04-28', 'CT009.jpg', 'B0003'),

       ('DMA001', 'Easy breezy', 'Cotton colorful shorts', 450,'2021-04-28', 'DMA001.jpg', 'B0004'),
       ('DMA002', 'Luvly tops', 'Cotton crop top', 690,'2021-04-28', 'DMA002.jpg', 'B0004'),
       ('DMA003', 'Million nial', 'Cotton t-shirt', 490,'2021-04-28', 'DMA003.jpg', 'B0004'),
       ('DMA004', 'Houndstooth skirt', 'Mini skirt', 790,'2021-04-28', 'DMA004.jpg', 'B0004'),
       ('DMA005', 'Blue butterfly', 'Cotton crop top', 690,'2021-04-28', 'DMA005.jpg', 'B0004'),
       ('DMA006', 'Rodeo', 'Jeans pants', 990,'2021-04-28', 'DMA006.jpg', 'B0004'),
       ('DMA007', 'Great world', 'Cotton over-size t-shirt', 550,'2021-04-28', 'DMA007.jpg', 'B0004'),
       ('DMA008', 'Crush on you', 'Cotton over-size t-shirt', 550,'2021-04-28', 'DMA008.jpg', 'B0004'),
       ('DMA009', 'Glad girl', 'Jeans Mini skirt', 450,'2021-04-28', 'DMA009.jpg', 'B0004'),
       ('DMA010', 'Feel full', 'Cotton Sweater', 650,'2021-04-28', 'DMA010.jpg', 'B0004'),
       ('DMA011', 'DaddyLand', 'Cotton t-shirt', 500,'2021-04-28', 'DMA011.jpg', 'B0004'),
       ('DMA012', 'My friend', 'Sweater', 790,'2021-04-28', 'DMA012.jpg', 'B0004'),

       ('MP001', 'naughty girl!', 'Collar Crop Top', 350,'2021-04-28', 'MP001.jpg', 'B0005'),
       ('MP002', 'Good girl', 'White collar Top', 350,'2021-04-28', 'MP002.jpg', 'B0005'),
       ('MP003', 'Rose me', 'Collar Top', 350,'2021-04-28', 'MP003.jpg', 'B0005'),
       ('MP004', 'Rosy', 'Yarn cardigan', 400,'2021-04-28', 'MP004.jpg', 'B0005'),
       ('MP005', 'Blink', 'Sleeveless crop shirt', 290,'2021-04-28', 'MP005.jpg', 'B0005'),
       ('MP006', 'Simply me', 'Set of collar top and shorts', 550,'2021-04-28', 'MP006.jpg', 'B0005'),
       ('MP007', 'Light me', 'Set of top and shorts', 500,'2021-04-28', 'MP007.jpg', 'B0005'),
       ('MP008', 'Gracefull', 'Long pants', 400,'2021-04-28', 'MP008.jpg', 'B0005'),

       ('SB001', 'Hills', 'Cotton over-size t-shirt', 450,'2021-04-28', 'SB001.jpg', 'B0006'),
       ('SB002', 'Friday therapy', 'Cotton over-size t-shirt', 450,'2021-04-28', 'SB002.jpg', 'B0006'),
       ('SB003', 'California', 'Cotton over-size t-shirt', 450,'2021-04-28', 'SB003.jpg', 'B0006')
;

INSERT INTO Products_has_colors(Products_ProdId, Colors_ColorId)
VALUES ('AC001', '#1C1C1C'),
       ('AC002', '#FFFFFF'),
       ('AC003', '#FAEBD7'),
       ('AC003', '#FFFFFF'),
       ('AC004', '#BBFFFF'),
       ('AC005', '#BFEFFF'),
       ('AC006', '#FF1469'),
       ('AC006', '#E066FF'),
       ('AC007', '#FFF8DC'),

       ('AV001', '#6E8B3D'),
       ('AV001', '#FFFFFF'),
       ('AV002', '#1C1C1C'),
       ('AV002', '#7E6156'),
       ('AV002', '#FFF8DC'),
       ('AV002', '#FFFFFF'),
       ('AV003', '#7E6156'),
       ('AV003', '#1C1C1C'),
       ('AV003', '#FFFFFF'),
       ('AV004', '#DDFFEE'),
       ('AV004', '#FAEBD7'),
       ('AV004', '#FFF8DC'),
       ('AV004', '#FFFFFF'),
       ('AV005', '#FFFFFF'),
       ('AV005', '#7E6156'),
       ('AV005', '#1C1C1C'),
       ('AV006', '#7E6156'),
       ('AV006', '#FAEBD7'),
       ('AV006', '#DDFFEE'),
       ('AV007', '#7E6156'),
       ('AV007', '#EECFA1'),
       ('AV007', '#FAEBD7'),
       ('AV008', '#BEBEBE'),
       ('AV008', '#BFEFFF'),
       ('AV009', '#FFF8DC'),
       ('AV010', '#7E6156'),

       ('CT001', '#1C1C1C'),
       ('CT001', '#FF8C00'),
       ('CT002', '#696969'),
       ('CT002', '#FAEBD7'),
       ('CT003', '#FAEBD7'),
       ('CT003', '#DDFFEE'),
       ('CT003', '#FAEBD7'),
       ('CT004', '#191970'),
       ('CT005', '#27408B'),
       ('CT006', '#FFF8DC'),
       ('CT007', '#CD0000'),
       ('CT007', '#126839'),
       ('CT008', '#FFFFFF'),
       ('CT009', '#FFE6EE'),
       ('CT009', '#FFF8DC'),
       ('CT009', '#126839'),

       ('DMA001', '#008B40'),
       ('DMA001', '#E0D8FF'),
       ('DMA001', '#FFE6EE'),
       ('DMA001', '#1C1C1C'),
       ('DMA002', '#FFE6EE'),
       ('DMA003', '#1C1C1C'),
       ('DMA004', '#954D2E'),
       ('DMA005', '#BFEFFF'),
       ('DMA006', '#BFEFFF'),
       ('DMA007', '#FFFFFF'),
       ('DMA008', '#FFE6EE'),
       ('DMA009', '#1F1F58'),
       ('DMA010', '#FBF2A5'),
       ('DMA011', '#1C1C1C'),
       ('DMA012', '#FFFFFF'),

       ('MP001', '#FFFFFF'),
       ('MP002', '#FFE4E1'),
       ('MP003', '#F5608D'),
       ('MP004', '#B0304F'),
       ('MP005', '#9499FF'),
       ('MP006', '#FAEBD7'),
       ('MP007', '#BFEFFF'),
       ('MP008', '#BFEFFF'),

       ('SB001', '#FFFFFF'),
       ('SB001', '#1C1C1C'),
       ('SB002', '#BDB76B'),
       ('SB002', '#1C1C1C'),
       ('SB003', '#FFFFFF'),
       ('SB003', '#CA94FF'),
       ('SB003', '#1C1C1C')
;